{
  "isVirtual": "false",
  "assessmentUnitName": "CustomerOrderServicesApp.ear",
  "middleware": "was",
  "serverXml": {
    "server": {
      "authData": {
        "id": "gas-twas90Node04(cells/gas-twas90Node03Cell/nodes/gas-twas90Node04|node.xml#Node_1)DBUser",
        "password": "???",
        "user": "db2inst1"
      },
      "jdbcDriver": {
        "id": "DB2_Using_IBM_JCC_Driver_(XA)",
        "library": {
          "file": [
            {
              "name": "${shared.config.dir}/lib/global/db2jcc4.jar"
            },
            {
              "name": "${shared.config.dir}/lib/global/db2jcclicensecu.jar"
            },
            {
              "name": "${shared.config.dir}/lib/global/db2jcclicensecisuz.jar"
            }
          ]
        },
        "javax.sql.DataSource": "com.ibm.db2.jcc.DB2XADataSource"
      },
      "dataSource": {
        "containerAuthDataRef": "gas-twas90Node04(cells/gas-twas90Node03Cell/nodes/gas-twas90Node04|node.xml#Node_1)DBUser",
        "jdbcDriverRef": "DB2_Using_IBM_JCC_Driver_(XA)",
        "jndiName": "jdbc/orderds",
        "properties.db2.jcc": {
          "freeResourcesOnClose": false,
          "nonTransactionalDataSource": false,
          "enableMultithreadedAccessDetection": false,
          "validateNewConnectionRetryInterval": 3,
          "retrieveMessagesFromServerOnGetMessage": true,
          "unbindClientRerouteListFromJndi": false,
          "databaseName": "ORDERDB",
          "validateNewConnection": false,
          "portNumber": 50000,
          "preTestSQLString": "SELECT CURRENT SQLID FROM SYSIBM.SYSDUMMY1",
          "reauthentication": false,
          "name": "OrderDS",
          "errorDetectionModel": "ExceptionMapping",
          "serverName": "172.16.52.252",
          "validateNewConnectionRetryCount": 100,
          "jmsOnePhaseOptimization": false,
          "useTransactionRedirect": false,
          "beginTranForVendorAPIs": false,
          "enableClientInformation": false,
          "connectionSharing": 1,
          "beginTranForResultSetScrollingAPIs": false,
          "traceLevel": -1
        },
        "id": "OrderDS",
        "connectionManager": {
          "maxPoolSize": 15,
          "connectionTimeout": 180,
          "maxIdleTime": 1800,
          "agedTimeout": 0,
          "minPoolSize": 2,
          "reapTime": 180
        }
      },
      "featureManager": {
        "feature": "servlet-3.0"
      },
      "variable": [
        {
          "value": "${shared.config.dir}/lib/global",
          "name": "DB2_JCC_DRIVER_PATH"
        },
        {
          "value": "${shared.config.dir}/lib/global",
          "name": "DERBY_JDBC_DRIVER_PATH"
        },
        {
          "value": "${shared.config.dir}/lib/global",
          "name": "UNIVERSAL_JDBC_DRIVER_PATH"
        },
        {
          "value": "${shared.config.dir}/lib/global",
          "name": "DB2UNIVERSAL_JDBC_DRIVER_NATIVEPATH"
        }
      ],
      "httpEndpoint": {
        "host": "*",
        "httpPort": 9080,
        "id": "defaultHttpEndpoint",
        "httpsPort": 9443
      },
      "applicationManager": {
        "autoExpand": true
      }
    }
  },
  "domain": "javaAppServer",
  "host": "gas-twas90",
  "dcVersion": "1.9.6",
  "archiveType": "profile",
  "archiveName": "AppSrv01"
}