{
   "report": "analysis",
   "version": "1.2",
   "productVersion": "9.0",
   "productRelease": "19.0.0.2-TA1",
   "options": [
      "--sourceAppServer=was855",
      "--sourceJava=ibm6",
      "--sourceJavaEE=ee6",
      "--targetAppServer=liberty",
      "--targetJava=ibm8",
      "--targetCloud=dockerIBMCloud",
      "--includePackages=org.pwte",
      "--excludePackages=com.ibm,com.informix,com.microsoft,com.sybase,com.sun,java,javax,net,oracle,sqlj,_ibmjsp"
   ],
   "totalRulesFlagged": 7,
   "filesAffected": 25,
   "totalResults": 36,
   "severitySummary": [
      {
         "severity": "Severe",
         "totalRulesFlagged": 2,
         "totalResults": 7
      },
      {
         "severity": "Warning",
         "totalRulesFlagged": 5,
         "totalResults": 29
      }
   ],
   "applications": [
      "/opt/IBM/WebSphere/AppServer855/profiles/AppSrv01/config/cells/gas-twas90Node03Cell/applications/CustomerOrderServicesApp.ear/CustomerOrderServicesApp.ear"
   ],
   "rules": [
      {
         "ruleName": "Behavior change on lookups for Enterprise JavaBeans",
         "ruleId": "EJBNamingLookupRule",
         "severity": "Severe",
         "category": "WebSphere traditional to Liberty",
         "results": [
            {
               "fileName": "CustomerOrderServicesApp.ear/CustomerOrderServicesTest-0.1.0-SNAPSHOT.war/WEB-INF/ibm-web-bnd.xml",
               "details": [
                  {
                     "reference": null,
                     "match": "ejb-ref.binding-name=ejblocal:org.pwte.example.service.ProductSearchService",
                     "lineNumber": 5
                  }
               ]
            },
            {
               "fileName": "CustomerOrderServicesApp.ear/CustomerOrderServicesWeb-0.1.0-SNAPSHOT.war/WEB-INF/classes/org/pwte/example/resources/CategoryResource.class",
               "details": [
                  {
                     "reference": "Constructor",
                     "match": "ejblocal:org.pwte.example.service.ProductSearchService",
                     "lineNumber": 28
                  }
               ]
            },
            {
               "fileName": "CustomerOrderServicesApp.ear/CustomerOrderServicesWeb-0.1.0-SNAPSHOT.war/WEB-INF/classes/org/pwte/example/resources/CustomerOrderResource.class",
               "details": [
                  {
                     "reference": "Constructor",
                     "match": "ejblocal:org.pwte.example.service.CustomerOrderServices",
                     "lineNumber": 53
                  }
               ]
            },
            {
               "fileName": "CustomerOrderServicesApp.ear/CustomerOrderServicesWeb-0.1.0-SNAPSHOT.war/WEB-INF/classes/org/pwte/example/resources/ProductResource.class",
               "details": [
                  {
                     "reference": "Constructor",
                     "match": "ejblocal:org.pwte.example.service.ProductSearchService",
                     "lineNumber": 38
                  }
               ]
            }
         ]
      },
      {
         "ruleName": "Databases",
         "ruleId": "JavaxPersistenceRule",
         "severity": "Warning",
         "category": "Technology connectivity considerations for IBM Cloud",
         "results": [
            {
               "fileName": "CustomerOrderServicesApp.ear/CustomerOrderServices-0.1.0-SNAPSHOT.jar/org/pwte/example/domain/AbstractCustomer.class",
               "details": [
                  {
                     "reference": "Class annotation",
                     "match": "javax.persistence",
                     "lineNumber": 0
                  }
               ]
            }
         ]
      },
      {
         "ruleName": "Handling application configuration in Docker containers",
         "ruleId": "DetectPropertiesFiles",
         "severity": "Warning",
         "category": "Docker (IBM Cloud Kubernetes Service)",
         "results": [
            {
               "fileName": "CustomerOrderServicesApp.ear/CustomerOrderServices-0.1.0-SNAPSHOT.jar/META-INF/maven/org.pwte.example/CustomerOrderServices/pom.properties",
               "details": [
                  {
                     "reference": null,
                     "match": "(.*)?\\.properties",
                     "lineNumber": 0
                  }
               ]
            },
            {
               "fileName": "CustomerOrderServicesApp.ear/CustomerOrderServicesTest-0.1.0-SNAPSHOT.war/META-INF/maven/org.pwte.example/CustomerOrderServicesTest/pom.properties",
               "details": [
                  {
                     "reference": null,
                     "match": "(.*)?\\.properties",
                     "lineNumber": 0
                  }
               ]
            },
            {
               "fileName": "CustomerOrderServicesApp.ear/CustomerOrderServicesTest-0.1.0-SNAPSHOT.war/WEB-INF/lib/dbunit-2.2.jar/META-INF/maven/org.dbunit/dbunit/pom.properties",
               "details": [
                  {
                     "reference": null,
                     "match": "(.*)?\\.properties",
                     "lineNumber": 0
                  }
               ]
            },
            {
               "fileName": "CustomerOrderServicesApp.ear/CustomerOrderServicesTest-0.1.0-SNAPSHOT.war/WEB-INF/lib/dbunit-2.2.jar/cvs-tests.properties",
               "details": [
                  {
                     "reference": null,
                     "match": "(.*)?\\.properties",
                     "lineNumber": 0
                  }
               ]
            },
            {
               "fileName": "CustomerOrderServicesApp.ear/CustomerOrderServicesTest-0.1.0-SNAPSHOT.war/WEB-INF/lib/junit.jar/junit/runner/excluded.properties",
               "details": [
                  {
                     "reference": null,
                     "match": "(.*)?\\.properties",
                     "lineNumber": 0
                  }
               ]
            },
            {
               "fileName": "CustomerOrderServicesApp.ear/CustomerOrderServicesWeb-0.1.0-SNAPSHOT.war/META-INF/maven/org.pwte.example/CustomerOrderServicesWeb/pom.properties",
               "details": [
                  {
                     "reference": null,
                     "match": "(.*)?\\.properties",
                     "lineNumber": 0
                  }
               ]
            },
            {
               "fileName": "CustomerOrderServicesApp.ear/CustomerOrderServicesWeb-0.1.0-SNAPSHOT.war/dojo/util/shrinksafe/js.jar/org/mozilla/javascript/resources/Messages.properties",
               "details": [
                  {
                     "reference": null,
                     "match": "(.*)?\\.properties",
                     "lineNumber": 0
                  }
               ]
            },
            {
               "fileName": "CustomerOrderServicesApp.ear/CustomerOrderServicesWeb-0.1.0-SNAPSHOT.war/dojo/util/shrinksafe/js.jar/org/mozilla/javascript/resources/Messages_fr.properties",
               "details": [
                  {
                     "reference": null,
                     "match": "(.*)?\\.properties",
                     "lineNumber": 0
                  }
               ]
            },
            {
               "fileName": "CustomerOrderServicesApp.ear/CustomerOrderServicesWeb-0.1.0-SNAPSHOT.war/dojo/util/shrinksafe/js.jar/org/mozilla/javascript/tools/resources/Messages.properties",
               "details": [
                  {
                     "reference": null,
                     "match": "(.*)?\\.properties",
                     "lineNumber": 0
                  }
               ]
            },
            {
               "fileName": "CustomerOrderServicesApp.ear/CustomerOrderServicesWeb-0.1.0-SNAPSHOT.war/dojo/util/shrinksafe/shrinksafe.jar/org/dojotoolkit/shrinksafe/resources/Messages.properties",
               "details": [
                  {
                     "reference": null,
                     "match": "(.*)?\\.properties",
                     "lineNumber": 0
                  }
               ]
            },
            {
               "fileName": "CustomerOrderServicesApp.ear/META-INF/maven/org.pwte.example/CustomerOrderServicesApp/pom.properties",
               "details": [
                  {
                     "reference": null,
                     "match": "(.*)?\\.properties",
                     "lineNumber": 0
                  }
               ]
            }
         ]
      },
      {
         "ruleName": "Java EE security",
         "ruleId": "ApplicationSecurityRule",
         "severity": "Warning",
         "category": "Technology connectivity considerations for IBM Cloud",
         "results": [
            {
               "fileName": "CustomerOrderServicesApp.ear/CustomerOrderServices-0.1.0-SNAPSHOT.jar/org/pwte/example/service/CustomerOrderServicesImpl.class",
               "details": [
                  {
                     "reference": "Class annotation",
                     "match": "javax.annotation.security.RolesAllowed",
                     "lineNumber": 0
                  }
               ]
            },
            {
               "fileName": "CustomerOrderServicesApp.ear/CustomerOrderServicesTest-0.1.0-SNAPSHOT.war/WEB-INF/web.xml",
               "details": [
                  {
                     "reference": null,
                     "match": "security-constraint",
                     "lineNumber": 21
                  }
               ]
            },
            {
               "fileName": "CustomerOrderServicesApp.ear/CustomerOrderServicesWeb-0.1.0-SNAPSHOT.war/WEB-INF/web.xml",
               "details": [
                  {
                     "reference": null,
                     "match": "security-constraint",
                     "lineNumber": 27
                  }
               ]
            }
         ]
      },
      {
         "ruleName": "The InitialContext lookup method can return primitive types",
         "ruleId": "DetectLookupMethod",
         "severity": "Warning",
         "category": "WebSphere traditional to Liberty",
         "results": [
            {
               "fileName": "CustomerOrderServicesApp.ear/CustomerOrderServicesTest-0.1.0-SNAPSHOT.war/WEB-INF/classes/org/pwte/example/jaxrs/test/CustomerOrderRESTTest.class",
               "details": [
                  {
                     "reference": "Method setUp",
                     "match": "javax.naming.InitialContext.lookup(*)",
                     "lineNumber": 37
                  }
               ]
            },
            {
               "fileName": "CustomerOrderServicesApp.ear/CustomerOrderServicesTest-0.1.0-SNAPSHOT.war/WEB-INF/classes/org/pwte/example/jaxrs/test/ProductRESTSearchTest.class",
               "details": [
                  {
                     "reference": "Method setUp",
                     "match": "javax.naming.InitialContext.lookup(*)",
                     "lineNumber": 21
                  }
               ]
            },
            {
               "fileName": "CustomerOrderServicesApp.ear/CustomerOrderServicesTest-0.1.0-SNAPSHOT.war/WEB-INF/classes/org/pwte/example/jpa/test/CustomerOrderServicesTest.class",
               "details": [
                  {
                     "reference": "Constructor",
                     "match": "javax.naming.InitialContext.lookup(*)",
                     "lineNumber": 56
                  },
                  {
                     "reference": "Method setUp",
                     "match": "javax.naming.InitialContext.lookup(*)",
                     "lineNumber": 90
                  }
               ]
            },
            {
               "fileName": "CustomerOrderServicesApp.ear/CustomerOrderServicesTest-0.1.0-SNAPSHOT.war/WEB-INF/classes/org/pwte/example/jpa/test/ProductSearchServiceTest.class",
               "details": [
                  {
                     "reference": "Constructor",
                     "match": "javax.naming.InitialContext.lookup(*)",
                     "lineNumber": 38
                  },
                  {
                     "reference": "Method setUp",
                     "match": "javax.naming.InitialContext.lookup(*)",
                     "lineNumber": 68
                  }
               ]
            },
            {
               "fileName": "CustomerOrderServicesApp.ear/CustomerOrderServicesWeb-0.1.0-SNAPSHOT.war/WEB-INF/classes/org/pwte/example/resources/CategoryResource.class",
               "details": [
                  {
                     "reference": "Constructor",
                     "match": "javax.naming.InitialContext.lookup(*)",
                     "lineNumber": 29
                  }
               ]
            },
            {
               "fileName": "CustomerOrderServicesApp.ear/CustomerOrderServicesWeb-0.1.0-SNAPSHOT.war/WEB-INF/classes/org/pwte/example/resources/CustomerOrderResource.class",
               "details": [
                  {
                     "reference": "Constructor",
                     "match": "javax.naming.InitialContext.lookup(*)",
                     "lineNumber": 53
                  }
               ]
            },
            {
               "fileName": "CustomerOrderServicesApp.ear/CustomerOrderServicesWeb-0.1.0-SNAPSHOT.war/WEB-INF/classes/org/pwte/example/resources/ProductResource.class",
               "details": [
                  {
                     "reference": "Constructor",
                     "match": "javax.naming.InitialContext.lookup(*)",
                     "lineNumber": 38
                  }
               ]
            }
         ]
      },
      {
         "ruleName": "The use of system provided Apache Wink APIs requires configuration",
         "ruleId": "ThirdPartyJAXRSInUseRule",
         "severity": "Severe",
         "category": "WebSphere traditional to Liberty Java EE 6",
         "results": [
            {
               "fileName": "CustomerOrderServicesApp.ear/CustomerOrderServices-0.1.0-SNAPSHOT.jar/org/pwte/example/domain/AbstractCustomer.class",
               "details": [
                  {
                     "reference": "Method getCustomerId - Annotation",
                     "match": "org.codehaus.jackson.annotate",
                     "lineNumber": 0
                  }
               ]
            },
            {
               "fileName": "CustomerOrderServicesApp.ear/CustomerOrderServicesTest-0.1.0-SNAPSHOT.war/WEB-INF/classes/org/pwte/example/jaxrs/test/CustomerOrderRESTTest$1.class",
               "details": [
                  {
                     "reference": "Method getClasses",
                     "match": "com.ibm.websphere.jaxrs.providers.json4j",
                     "lineNumber": 51
                  }
               ]
            },
            {
               "fileName": "CustomerOrderServicesApp.ear/CustomerOrderServicesWeb-0.1.0-SNAPSHOT.war/WEB-INF/classes/org/pwte/example/app/CustomerServicesApp.class",
               "details": [
                  {
                     "reference": "Method getClasses",
                     "match": "com.ibm.websphere.jaxrs.providers.json4j",
                     "lineNumber": 25
                  }
               ]
            }
         ]
      },
      {
         "ruleName": "Validate the URL host and port for cloud access",
         "ruleId": "URLRuleDockerCloud",
         "severity": "Warning",
         "category": "Connectivity considerations for IBM Cloud (Docker and WebSphere in IBM Cloud)",
         "results": [
            {
               "fileName": "CustomerOrderServicesApp.ear/CustomerOrderServicesTest-0.1.0-SNAPSHOT.war/WEB-INF/classes/org/pwte/example/jaxrs/test/CustomerOrderRESTTest.class",
               "details": [
                  {
                     "reference": "Method setUp",
                     "match": "http://localhost:9080/CustomerOrderServicesTest/",
                     "lineNumber": 43
                  },
                  {
                     "reference": "Method setUp",
                     "match": "https://localhost:9443/CustomerOrderServicesWeb/",
                     "lineNumber": 42
                  }
               ]
            },
            {
               "fileName": "CustomerOrderServicesApp.ear/CustomerOrderServicesTest-0.1.0-SNAPSHOT.war/WEB-INF/classes/org/pwte/example/jaxrs/test/ProductRESTSearchTest.class",
               "details": [
                  {
                     "reference": "Method setUp",
                     "match": "https://localhost:9443/CustomerOrderServicesWeb/",
                     "lineNumber": 25
                  }
               ]
            },
            {
               "fileName": "CustomerOrderServicesApp.ear/CustomerOrderServicesTest-0.1.0-SNAPSHOT.war/WEB-INF/classes/org/pwte/example/jpa/test/CustomerOrderServicesTest.class",
               "details": [
                  {
                     "reference": "Constructor",
                     "match": "jdbc:db2://localhost:50000/ORDERDB",
                     "lineNumber": 68
                  }
               ]
            },
            {
               "fileName": "CustomerOrderServicesApp.ear/CustomerOrderServicesTest-0.1.0-SNAPSHOT.war/WEB-INF/classes/org/pwte/example/jpa/test/ProductSearchServiceTest.class",
               "details": [
                  {
                     "reference": "Constructor",
                     "match": "jdbc:db2://localhost:50000/ORDERDB",
                     "lineNumber": 50
                  }
               ]
            }
         ]
      }
   ]
}