{
   "report": "analysis",
   "version": "1.2",
   "productVersion": "9.0",
   "productRelease": "19.0.0.2-TA1",
   "options": [
      "--sourceAppServer=was855",
      "--sourceJava=ibm6",
      "--sourceJavaEE=ee6",
      "--targetAppServer=was90",
      "--targetJava=ibm8",
      "--targetJavaEE=ee7",
      "--targetCloud=vmIBMCloud",
      "--includePackages=org.pwte",
      "--excludePackages=com.ibm,com.informix,com.microsoft,com.sybase,com.sun,java,javax,net,oracle,sqlj,_ibmjsp"
   ],
   "totalRulesFlagged": 12,
   "filesAffected": 25,
   "totalResults": 198,
   "severitySummary": [
      {
         "severity": "Severe",
         "totalRulesFlagged": 4,
         "totalResults": 175
      },
      {
         "severity": "Warning",
         "totalRulesFlagged": 8,
         "totalResults": 23
      }
   ],
   "applications": [
      "/opt/IBM/WebSphere/AppServer855/profiles/AppSrv01/config/cells/gas-twas90Node03Cell/applications/CustomerOrderServicesApp.ear/CustomerOrderServicesApp.ear"
   ],
   "rules": [
      {
         "ruleName": "CDI recognizes implicit bean archives",
         "ruleId": "ImplicitCDIBehaviorChange",
         "severity": "Warning",
         "category": "Java EE 7 / CDI",
         "results": [
            {
               "fileName": "CustomerOrderServicesApp.ear/CustomerOrderServices-0.1.0-SNAPSHOT.jar/org/pwte/example/service/CustomerOrderServicesImpl.class",
               "details": [
                  {
                     "reference": "Class annotation",
                     "match": "javax.ejb.Stateless",
                     "lineNumber": 0
                  }
               ]
            },
            {
               "fileName": "CustomerOrderServicesApp.ear/CustomerOrderServices-0.1.0-SNAPSHOT.jar/org/pwte/example/service/ProductSearchServiceImpl.class",
               "details": [
                  {
                     "reference": "Class annotation",
                     "match": "javax.ejb.Stateless",
                     "lineNumber": 0
                  }
               ]
            }
         ]
      },
      {
         "ruleName": "CDI scans for implicit beans when there is no beans.xml file",
         "ruleId": "MissingBeansFile",
         "severity": "Warning",
         "category": "Java EE 7 / CDI",
         "results": [
            {
               "fileName": "CustomerOrderServicesApp.ear/CustomerOrderServices-0.1.0-SNAPSHOT.jar",
               "details": [
                  {
                     "reference": null,
                     "match": ".*(\\.war|\\.jar)",
                     "lineNumber": 0
                  }
               ]
            },
            {
               "fileName": "CustomerOrderServicesApp.ear/CustomerOrderServicesTest-0.1.0-SNAPSHOT.war",
               "details": [
                  {
                     "reference": null,
                     "match": ".*(\\.war|\\.jar)",
                     "lineNumber": 0
                  }
               ]
            },
            {
               "fileName": "CustomerOrderServicesApp.ear/CustomerOrderServicesTest-0.1.0-SNAPSHOT.war/WEB-INF/lib/dbunit-2.2.jar",
               "details": [
                  {
                     "reference": null,
                     "match": ".*(\\.war|\\.jar)",
                     "lineNumber": 0
                  }
               ]
            },
            {
               "fileName": "CustomerOrderServicesApp.ear/CustomerOrderServicesTest-0.1.0-SNAPSHOT.war/WEB-INF/lib/junit.jar",
               "details": [
                  {
                     "reference": null,
                     "match": ".*(\\.war|\\.jar)",
                     "lineNumber": 0
                  }
               ]
            },
            {
               "fileName": "CustomerOrderServicesApp.ear/CustomerOrderServicesTest-0.1.0-SNAPSHOT.war/WEB-INF/lib/junitee.jar",
               "details": [
                  {
                     "reference": null,
                     "match": ".*(\\.war|\\.jar)",
                     "lineNumber": 0
                  }
               ]
            },
            {
               "fileName": "CustomerOrderServicesApp.ear/CustomerOrderServicesWeb-0.1.0-SNAPSHOT.war",
               "details": [
                  {
                     "reference": null,
                     "match": ".*(\\.war|\\.jar)",
                     "lineNumber": 0
                  }
               ]
            },
            {
               "fileName": "CustomerOrderServicesApp.ear/CustomerOrderServicesWeb-0.1.0-SNAPSHOT.war/dojo/util/shrinksafe/js.jar",
               "details": [
                  {
                     "reference": null,
                     "match": ".*(\\.war|\\.jar)",
                     "lineNumber": 0
                  }
               ]
            },
            {
               "fileName": "CustomerOrderServicesApp.ear/CustomerOrderServicesWeb-0.1.0-SNAPSHOT.war/dojo/util/shrinksafe/shrinksafe.jar",
               "details": [
                  {
                     "reference": null,
                     "match": ".*(\\.war|\\.jar)",
                     "lineNumber": 0
                  }
               ]
            }
         ]
      },
      {
         "ruleName": "Databases",
         "ruleId": "JavaxPersistenceRule",
         "severity": "Warning",
         "category": "Technology connectivity considerations for IBM Cloud",
         "results": [
            {
               "fileName": "CustomerOrderServicesApp.ear/CustomerOrderServices-0.1.0-SNAPSHOT.jar/org/pwte/example/domain/AbstractCustomer.class",
               "details": [
                  {
                     "reference": "Class annotation",
                     "match": "javax.persistence",
                     "lineNumber": 0
                  }
               ]
            }
         ]
      },
      {
         "ruleName": "Disable the persistence unit second-level cache",
         "ruleId": "JpaCacheProperties",
         "severity": "Severe",
         "category": "Java EE 7 / OpenJPA to EclipseLink JPA",
         "results": [
            {
               "fileName": "CustomerOrderServicesApp.ear/CustomerOrderServices-0.1.0-SNAPSHOT.jar/META-INF/persistence.xml",
               "details": [
                  {
                     "reference": null,
                     "match": "persistence-unit",
                     "lineNumber": 3
                  }
               ]
            }
         ]
      },
      {
         "ruleName": "Java API for RESTful Web Services (JAX-RS)",
         "ruleId": "DetectJAXRS",
         "severity": "Warning",
         "category": "Java EE 6 / JAX-RS 1.1",
         "results": [
            {
               "fileName": "CustomerOrderServicesApp.ear/CustomerOrderServicesTest-0.1.0-SNAPSHOT.war/WEB-INF/classes/org/pwte/example/jaxrs/test/CustomerOrderRESTTest$1.class",
               "details": [
                  {
                     "reference": "Constructor",
                     "match": "javax.ws.rs.core",
                     "lineNumber": 46
                  }
               ]
            },
            {
               "fileName": "CustomerOrderServicesApp.ear/CustomerOrderServicesWeb-0.1.0-SNAPSHOT.war/WEB-INF/classes/org/pwte/example/app/CustomerServicesApp.class",
               "details": [
                  {
                     "reference": "Constructor",
                     "match": "javax.ws.rs.core",
                     "lineNumber": 12
                  }
               ]
            }
         ]
      },
      {
         "ruleName": "Java EE security",
         "ruleId": "ApplicationSecurityRule",
         "severity": "Warning",
         "category": "Technology connectivity considerations for IBM Cloud",
         "results": [
            {
               "fileName": "CustomerOrderServicesApp.ear/CustomerOrderServices-0.1.0-SNAPSHOT.jar/org/pwte/example/service/CustomerOrderServicesImpl.class",
               "details": [
                  {
                     "reference": "Class annotation",
                     "match": "javax.annotation.security.RolesAllowed",
                     "lineNumber": 0
                  }
               ]
            },
            {
               "fileName": "CustomerOrderServicesApp.ear/CustomerOrderServicesTest-0.1.0-SNAPSHOT.war/WEB-INF/web.xml",
               "details": [
                  {
                     "reference": null,
                     "match": "security-constraint",
                     "lineNumber": 21
                  }
               ]
            },
            {
               "fileName": "CustomerOrderServicesApp.ear/CustomerOrderServicesWeb-0.1.0-SNAPSHOT.war/WEB-INF/web.xml",
               "details": [
                  {
                     "reference": null,
                     "match": "security-constraint",
                     "lineNumber": 27
                  }
               ]
            }
         ]
      },
      {
         "ruleName": "Java Persistence API (JPA)",
         "ruleId": "DetectJPA",
         "severity": "Warning",
         "category": "Java EE 6 / JPA 2.0",
         "results": [
            {
               "fileName": "CustomerOrderServicesApp.ear/CustomerOrderServices-0.1.0-SNAPSHOT.jar/org/pwte/example/domain/AbstractCustomer.class",
               "details": [
                  {
                     "reference": "Class annotation",
                     "match": "javax.persistence",
                     "lineNumber": 0
                  }
               ]
            }
         ]
      },
      {
         "ruleName": "Mapping files are not processed during OpenJPA to EclipseLink migration",
         "ruleId": "JpaOrmXml",
         "severity": "Warning",
         "category": "Java EE 7 / OpenJPA to EclipseLink JPA",
         "results": [
            {
               "fileName": "CustomerOrderServicesApp.ear/CustomerOrderServices-0.1.0-SNAPSHOT.jar/META-INF/orm.xml",
               "details": [
                  {
                     "reference": null,
                     "match": "entity-mappings",
                     "lineNumber": 2
                  }
               ]
            }
         ]
      },
      {
         "ruleName": "OpenJPA and WebSphere JPA configuration properties must be migrated",
         "ruleId": "OpenJPAConfigurationProperties",
         "severity": "Severe",
         "category": "Java EE 7 / OpenJPA to EclipseLink JPA",
         "results": [
            {
               "fileName": "CustomerOrderServicesApp.ear/CustomerOrderServices-0.1.0-SNAPSHOT.jar/META-INF/persistence.xml",
               "details": [
                  {
                     "reference": null,
                     "match": "property.name=openjpa.MaxFetchDepth",
                     "lineNumber": 16
                  },
                  {
                     "reference": null,
                     "match": "property.name=openjpa.jdbc.DBDictionary",
                     "lineNumber": 19
                  },
                  {
                     "reference": null,
                     "match": "property.name=openjpa.jdbc.MappingDefaults",
                     "lineNumber": 17
                  }
               ]
            }
         ]
      },
      {
         "ruleName": "The Apache Wink Client APIs are not available",
         "ruleId": "WinkClientReplaced",
         "severity": "Severe",
         "category": "Java EE 7 / JAX-RS 2.0",
         "results": [
            {
               "fileName": "CustomerOrderServicesApp.ear/CustomerOrderServicesTest-0.1.0-SNAPSHOT.war/WEB-INF/classes/org/pwte/example/jaxrs/test/CustomerOrderRESTTest.class",
               "details": [
                  {
                     "reference": "Constructor",
                     "match": "org.apache.wink.client",
                     "lineNumber": 31
                  },
                  {
                     "reference": "Constructor",
                     "match": "org.apache.wink.client",
                     "lineNumber": 32
                  },
                  {
                     "reference": "Field clientConfig",
                     "match": "org.apache.wink.client",
                     "lineNumber": 0
                  },
                  {
                     "reference": "Field clientConfig2",
                     "match": "org.apache.wink.client",
                     "lineNumber": 0
                  },
                  {
                     "reference": "Method setUp",
                     "match": "org.apache.wink.client",
                     "lineNumber": 59
                  },
                  {
                     "reference": "Method setUp",
                     "match": "org.apache.wink.client",
                     "lineNumber": 60
                  },
                  {
                     "reference": "Method setUp",
                     "match": "org.apache.wink.client",
                     "lineNumber": 62
                  },
                  {
                     "reference": "Method setUp",
                     "match": "org.apache.wink.client",
                     "lineNumber": 63
                  },
                  {
                     "reference": "Method setUp",
                     "match": "org.apache.wink.client",
                     "lineNumber": 68
                  },
                  {
                     "reference": "Method setUp",
                     "match": "org.apache.wink.client",
                     "lineNumber": 73
                  },
                  {
                     "reference": "Method setUp",
                     "match": "org.apache.wink.client.handlers",
                     "lineNumber": 65
                  },
                  {
                     "reference": "Method setUp",
                     "match": "org.apache.wink.client.handlers",
                     "lineNumber": 66
                  },
                  {
                     "reference": "Method setUp",
                     "match": "org.apache.wink.client.handlers",
                     "lineNumber": 67
                  },
                  {
                     "reference": "Method setUp",
                     "match": "org.apache.wink.client.handlers",
                     "lineNumber": 68
                  },
                  {
                     "reference": "Method setUp",
                     "match": "org.apache.wink.client.handlers",
                     "lineNumber": 70
                  },
                  {
                     "reference": "Method setUp",
                     "match": "org.apache.wink.client.handlers",
                     "lineNumber": 71
                  },
                  {
                     "reference": "Method setUp",
                     "match": "org.apache.wink.client.handlers",
                     "lineNumber": 72
                  },
                  {
                     "reference": "Method setUp",
                     "match": "org.apache.wink.client.handlers",
                     "lineNumber": 73
                  },
                  {
                     "reference": "Method setUp",
                     "match": "org.apache.wink.client.handlers",
                     "lineNumber": 74
                  },
                  {
                     "reference": "Method testFormMetaData",
                     "match": "org.apache.wink.client",
                     "lineNumber": 266
                  },
                  {
                     "reference": "Method testFormMetaData",
                     "match": "org.apache.wink.client",
                     "lineNumber": 267
                  },
                  {
                     "reference": "Method testFormMetaData",
                     "match": "org.apache.wink.client",
                     "lineNumber": 268
                  },
                  {
                     "reference": "Method testFormMetaData",
                     "match": "org.apache.wink.client",
                     "lineNumber": 269
                  },
                  {
                     "reference": "Method testFormMetaData",
                     "match": "org.apache.wink.client",
                     "lineNumber": 295
                  },
                  {
                     "reference": "Method testFormMetaData",
                     "match": "org.apache.wink.client",
                     "lineNumber": 296
                  },
                  {
                     "reference": "Method testFormMetaData",
                     "match": "org.apache.wink.client",
                     "lineNumber": 297
                  },
                  {
                     "reference": "Method testFormMetaData",
                     "match": "org.apache.wink.client",
                     "lineNumber": 298
                  },
                  {
                     "reference": "Method testFormMetaData",
                     "match": "org.apache.wink.client",
                     "lineNumber": 326
                  },
                  {
                     "reference": "Method testLoadCustomer",
                     "match": "org.apache.wink.client",
                     "lineNumber": 78
                  },
                  {
                     "reference": "Method testLoadCustomer",
                     "match": "org.apache.wink.client",
                     "lineNumber": 80
                  },
                  {
                     "reference": "Method testLoadCustomer",
                     "match": "org.apache.wink.client",
                     "lineNumber": 81
                  },
                  {
                     "reference": "Method testLoadCustomer",
                     "match": "org.apache.wink.client",
                     "lineNumber": 82
                  },
                  {
                     "reference": "Method testLoadCustomer",
                     "match": "org.apache.wink.client",
                     "lineNumber": 84
                  },
                  {
                     "reference": "Method testLoadCustomer",
                     "match": "org.apache.wink.client",
                     "lineNumber": 85
                  },
                  {
                     "reference": "Method testLoadCustomer",
                     "match": "org.apache.wink.client",
                     "lineNumber": 86
                  },
                  {
                     "reference": "Method testLoadCustomer",
                     "match": "org.apache.wink.client",
                     "lineNumber": 88
                  },
                  {
                     "reference": "Method testLoadCustomer",
                     "match": "org.apache.wink.client",
                     "lineNumber": 89
                  },
                  {
                     "reference": "Method testLoadCustomer",
                     "match": "org.apache.wink.client",
                     "lineNumber": 91
                  },
                  {
                     "reference": "Method testLoadCustomer",
                     "match": "org.apache.wink.client",
                     "lineNumber": 97
                  },
                  {
                     "reference": "Method testOrderHistory",
                     "match": "org.apache.wink.client",
                     "lineNumber": 243
                  },
                  {
                     "reference": "Method testOrderHistory",
                     "match": "org.apache.wink.client",
                     "lineNumber": 244
                  },
                  {
                     "reference": "Method testOrderHistory",
                     "match": "org.apache.wink.client",
                     "lineNumber": 245
                  },
                  {
                     "reference": "Method testOrderHistory",
                     "match": "org.apache.wink.client",
                     "lineNumber": 246
                  },
                  {
                     "reference": "Method testOrderHistory",
                     "match": "org.apache.wink.client",
                     "lineNumber": 247
                  },
                  {
                     "reference": "Method testOrderHistory",
                     "match": "org.apache.wink.client",
                     "lineNumber": 249
                  },
                  {
                     "reference": "Method testOrderHistory",
                     "match": "org.apache.wink.client",
                     "lineNumber": 252
                  },
                  {
                     "reference": "Method testOrderHistory",
                     "match": "org.apache.wink.client",
                     "lineNumber": 253
                  },
                  {
                     "reference": "Method testOrderHistory",
                     "match": "org.apache.wink.client",
                     "lineNumber": 256
                  },
                  {
                     "reference": "Method testOrderHistory",
                     "match": "org.apache.wink.client",
                     "lineNumber": 257
                  },
                  {
                     "reference": "Method testOrderHistory",
                     "match": "org.apache.wink.client",
                     "lineNumber": 260
                  },
                  {
                     "reference": "Method testOrderHistory",
                     "match": "org.apache.wink.client",
                     "lineNumber": 261
                  },
                  {
                     "reference": "Method testOrderProcess",
                     "match": "org.apache.wink.client",
                     "lineNumber": 135
                  },
                  {
                     "reference": "Method testOrderProcess",
                     "match": "org.apache.wink.client",
                     "lineNumber": 136
                  },
                  {
                     "reference": "Method testOrderProcess",
                     "match": "org.apache.wink.client",
                     "lineNumber": 138
                  },
                  {
                     "reference": "Method testOrderProcess",
                     "match": "org.apache.wink.client",
                     "lineNumber": 139
                  },
                  {
                     "reference": "Method testOrderProcess",
                     "match": "org.apache.wink.client",
                     "lineNumber": 141
                  },
                  {
                     "reference": "Method testOrderProcess",
                     "match": "org.apache.wink.client",
                     "lineNumber": 142
                  },
                  {
                     "reference": "Method testOrderProcess",
                     "match": "org.apache.wink.client",
                     "lineNumber": 143
                  },
                  {
                     "reference": "Method testOrderProcess",
                     "match": "org.apache.wink.client",
                     "lineNumber": 149
                  },
                  {
                     "reference": "Method testOrderProcess",
                     "match": "org.apache.wink.client",
                     "lineNumber": 150
                  },
                  {
                     "reference": "Method testOrderProcess",
                     "match": "org.apache.wink.client",
                     "lineNumber": 154
                  },
                  {
                     "reference": "Method testOrderProcess",
                     "match": "org.apache.wink.client",
                     "lineNumber": 155
                  },
                  {
                     "reference": "Method testOrderProcess",
                     "match": "org.apache.wink.client",
                     "lineNumber": 164
                  },
                  {
                     "reference": "Method testOrderProcess",
                     "match": "org.apache.wink.client",
                     "lineNumber": 165
                  },
                  {
                     "reference": "Method testOrderProcess",
                     "match": "org.apache.wink.client",
                     "lineNumber": 167
                  },
                  {
                     "reference": "Method testOrderProcess",
                     "match": "org.apache.wink.client",
                     "lineNumber": 168
                  },
                  {
                     "reference": "Method testOrderProcess",
                     "match": "org.apache.wink.client",
                     "lineNumber": 169
                  },
                  {
                     "reference": "Method testOrderProcess",
                     "match": "org.apache.wink.client",
                     "lineNumber": 171
                  },
                  {
                     "reference": "Method testOrderProcess",
                     "match": "org.apache.wink.client",
                     "lineNumber": 172
                  },
                  {
                     "reference": "Method testOrderProcess",
                     "match": "org.apache.wink.client",
                     "lineNumber": 174
                  },
                  {
                     "reference": "Method testOrderProcess",
                     "match": "org.apache.wink.client",
                     "lineNumber": 175
                  },
                  {
                     "reference": "Method testOrderProcess",
                     "match": "org.apache.wink.client",
                     "lineNumber": 176
                  },
                  {
                     "reference": "Method testOrderProcess",
                     "match": "org.apache.wink.client",
                     "lineNumber": 179
                  },
                  {
                     "reference": "Method testOrderProcess",
                     "match": "org.apache.wink.client",
                     "lineNumber": 180
                  },
                  {
                     "reference": "Method testOrderProcess",
                     "match": "org.apache.wink.client",
                     "lineNumber": 182
                  },
                  {
                     "reference": "Method testOrderProcess",
                     "match": "org.apache.wink.client",
                     "lineNumber": 183
                  },
                  {
                     "reference": "Method testOrderProcess",
                     "match": "org.apache.wink.client",
                     "lineNumber": 185
                  },
                  {
                     "reference": "Method testOrderProcess",
                     "match": "org.apache.wink.client",
                     "lineNumber": 187
                  },
                  {
                     "reference": "Method testOrderProcess",
                     "match": "org.apache.wink.client",
                     "lineNumber": 188
                  },
                  {
                     "reference": "Method testOrderProcess",
                     "match": "org.apache.wink.client",
                     "lineNumber": 206
                  },
                  {
                     "reference": "Method testOrderProcess",
                     "match": "org.apache.wink.client",
                     "lineNumber": 207
                  },
                  {
                     "reference": "Method testOrderProcess",
                     "match": "org.apache.wink.client",
                     "lineNumber": 209
                  },
                  {
                     "reference": "Method testOrderProcess",
                     "match": "org.apache.wink.client",
                     "lineNumber": 210
                  },
                  {
                     "reference": "Method testOrderProcess",
                     "match": "org.apache.wink.client",
                     "lineNumber": 212
                  },
                  {
                     "reference": "Method testOrderProcess",
                     "match": "org.apache.wink.client",
                     "lineNumber": 214
                  },
                  {
                     "reference": "Method testOrderProcess",
                     "match": "org.apache.wink.client",
                     "lineNumber": 215
                  },
                  {
                     "reference": "Method testOrderProcess",
                     "match": "org.apache.wink.client",
                     "lineNumber": 219
                  },
                  {
                     "reference": "Method testOrderProcess",
                     "match": "org.apache.wink.client",
                     "lineNumber": 220
                  },
                  {
                     "reference": "Method testOrderProcess",
                     "match": "org.apache.wink.client",
                     "lineNumber": 221
                  },
                  {
                     "reference": "Method testOrderProcess",
                     "match": "org.apache.wink.client",
                     "lineNumber": 223
                  },
                  {
                     "reference": "Method testOrderProcess",
                     "match": "org.apache.wink.client",
                     "lineNumber": 224
                  },
                  {
                     "reference": "Method testOrderProcess",
                     "match": "org.apache.wink.client",
                     "lineNumber": 225
                  },
                  {
                     "reference": "Method testOrderProcess",
                     "match": "org.apache.wink.client",
                     "lineNumber": 227
                  },
                  {
                     "reference": "Method testOrderProcess",
                     "match": "org.apache.wink.client",
                     "lineNumber": 229
                  },
                  {
                     "reference": "Method testOrderProcess",
                     "match": "org.apache.wink.client",
                     "lineNumber": 230
                  },
                  {
                     "reference": "Method testOrderProcess",
                     "match": "org.apache.wink.client",
                     "lineNumber": 231
                  },
                  {
                     "reference": "Method testOrderProcess",
                     "match": "org.apache.wink.client",
                     "lineNumber": 233
                  },
                  {
                     "reference": "Method testOrderProcess",
                     "match": "org.apache.wink.client",
                     "lineNumber": 234
                  },
                  {
                     "reference": "Method testOrderProcess",
                     "match": "org.apache.wink.client",
                     "lineNumber": 236
                  },
                  {
                     "reference": "Method testOrderProcess",
                     "match": "org.apache.wink.client",
                     "lineNumber": 239
                  },
                  {
                     "reference": "Method testUpdateAddress",
                     "match": "org.apache.wink.client",
                     "lineNumber": 102
                  },
                  {
                     "reference": "Method testUpdateAddress",
                     "match": "org.apache.wink.client",
                     "lineNumber": 104
                  },
                  {
                     "reference": "Method testUpdateAddress",
                     "match": "org.apache.wink.client",
                     "lineNumber": 105
                  },
                  {
                     "reference": "Method testUpdateAddress",
                     "match": "org.apache.wink.client",
                     "lineNumber": 107
                  },
                  {
                     "reference": "Method testUpdateAddress",
                     "match": "org.apache.wink.client",
                     "lineNumber": 109
                  },
                  {
                     "reference": "Method testUpdateAddress",
                     "match": "org.apache.wink.client",
                     "lineNumber": 110
                  },
                  {
                     "reference": "Method testUpdateAddress",
                     "match": "org.apache.wink.client",
                     "lineNumber": 112
                  },
                  {
                     "reference": "Method testUpdateAddress",
                     "match": "org.apache.wink.client",
                     "lineNumber": 114
                  },
                  {
                     "reference": "Method testUpdateAddress",
                     "match": "org.apache.wink.client",
                     "lineNumber": 115
                  },
                  {
                     "reference": "Method testUpdateAddress",
                     "match": "org.apache.wink.client",
                     "lineNumber": 119
                  },
                  {
                     "reference": "Method testUpdateAddress",
                     "match": "org.apache.wink.client",
                     "lineNumber": 120
                  },
                  {
                     "reference": "Method testUpdateAddress",
                     "match": "org.apache.wink.client",
                     "lineNumber": 122
                  },
                  {
                     "reference": "Method testUpdateAddress",
                     "match": "org.apache.wink.client",
                     "lineNumber": 123
                  },
                  {
                     "reference": "Method testUpdateAddress",
                     "match": "org.apache.wink.client",
                     "lineNumber": 125
                  },
                  {
                     "reference": "Method testUpdateAddress",
                     "match": "org.apache.wink.client",
                     "lineNumber": 127
                  },
                  {
                     "reference": "Method testUpdateAddress",
                     "match": "org.apache.wink.client",
                     "lineNumber": 128
                  },
                  {
                     "reference": "Method testUpdateAddress",
                     "match": "org.apache.wink.client",
                     "lineNumber": 131
                  },
                  {
                     "reference": "Method testUpdateInfo",
                     "match": "org.apache.wink.client",
                     "lineNumber": 331
                  },
                  {
                     "reference": "Method testUpdateInfo",
                     "match": "org.apache.wink.client",
                     "lineNumber": 336
                  },
                  {
                     "reference": "Method testUpdateInfo",
                     "match": "org.apache.wink.client",
                     "lineNumber": 337
                  },
                  {
                     "reference": "Method testUpdateInfo",
                     "match": "org.apache.wink.client",
                     "lineNumber": 338
                  },
                  {
                     "reference": "Method testUpdateInfo",
                     "match": "org.apache.wink.client",
                     "lineNumber": 339
                  },
                  {
                     "reference": "Method testUpdateInfo",
                     "match": "org.apache.wink.client",
                     "lineNumber": 340
                  },
                  {
                     "reference": "Method testUpdateInfo",
                     "match": "org.apache.wink.client",
                     "lineNumber": 343
                  },
                  {
                     "reference": "Method testUpdateInfo",
                     "match": "org.apache.wink.client",
                     "lineNumber": 344
                  },
                  {
                     "reference": "Method testUpdateInfo",
                     "match": "org.apache.wink.client",
                     "lineNumber": 347
                  },
                  {
                     "reference": "Method testUpdateInfo",
                     "match": "org.apache.wink.client",
                     "lineNumber": 352
                  },
                  {
                     "reference": "Method testUpdateInfo",
                     "match": "org.apache.wink.client",
                     "lineNumber": 353
                  },
                  {
                     "reference": "Method testUpdateInfo",
                     "match": "org.apache.wink.client",
                     "lineNumber": 354
                  },
                  {
                     "reference": "Method testUpdateInfo",
                     "match": "org.apache.wink.client",
                     "lineNumber": 355
                  },
                  {
                     "reference": "Method testUpdateInfo",
                     "match": "org.apache.wink.client",
                     "lineNumber": 356
                  },
                  {
                     "reference": "Method testUpdateInfo",
                     "match": "org.apache.wink.client",
                     "lineNumber": 358
                  }
               ]
            },
            {
               "fileName": "CustomerOrderServicesApp.ear/CustomerOrderServicesTest-0.1.0-SNAPSHOT.war/WEB-INF/classes/org/pwte/example/jaxrs/test/ProductRESTSearchTest.class",
               "details": [
                  {
                     "reference": "Method testCategoryListResources",
                     "match": "org.apache.wink.client",
                     "lineNumber": 118
                  },
                  {
                     "reference": "Method testCategoryListResources",
                     "match": "org.apache.wink.client",
                     "lineNumber": 119
                  },
                  {
                     "reference": "Method testCategoryListResources",
                     "match": "org.apache.wink.client",
                     "lineNumber": 121
                  },
                  {
                     "reference": "Method testCategoryListResources",
                     "match": "org.apache.wink.client",
                     "lineNumber": 188
                  },
                  {
                     "reference": "Method testCategoryResource",
                     "match": "org.apache.wink.client",
                     "lineNumber": 85
                  },
                  {
                     "reference": "Method testCategoryResource",
                     "match": "org.apache.wink.client",
                     "lineNumber": 86
                  },
                  {
                     "reference": "Method testCategoryResource",
                     "match": "org.apache.wink.client",
                     "lineNumber": 88
                  },
                  {
                     "reference": "Method testCategoryResource",
                     "match": "org.apache.wink.client",
                     "lineNumber": 115
                  },
                  {
                     "reference": "Method testProductListByCategory",
                     "match": "org.apache.wink.client",
                     "lineNumber": 42
                  },
                  {
                     "reference": "Method testProductListByCategory",
                     "match": "org.apache.wink.client",
                     "lineNumber": 43
                  },
                  {
                     "reference": "Method testProductListByCategory",
                     "match": "org.apache.wink.client",
                     "lineNumber": 45
                  },
                  {
                     "reference": "Method testProductListByCategory",
                     "match": "org.apache.wink.client",
                     "lineNumber": 82
                  },
                  {
                     "reference": "Method testProductResources",
                     "match": "org.apache.wink.client",
                     "lineNumber": 30
                  },
                  {
                     "reference": "Method testProductResources",
                     "match": "org.apache.wink.client",
                     "lineNumber": 31
                  },
                  {
                     "reference": "Method testProductResources",
                     "match": "org.apache.wink.client",
                     "lineNumber": 33
                  },
                  {
                     "reference": "Method testProductResources",
                     "match": "org.apache.wink.client",
                     "lineNumber": 39
                  }
               ]
            }
         ]
      },
      {
         "ruleName": "Validate the URL host and port for cloud access",
         "ruleId": "URLRuleDockerCloud",
         "severity": "Warning",
         "category": "Connectivity considerations for IBM Cloud (Docker and WebSphere in IBM Cloud)",
         "results": [
            {
               "fileName": "CustomerOrderServicesApp.ear/CustomerOrderServicesTest-0.1.0-SNAPSHOT.war/WEB-INF/classes/org/pwte/example/jaxrs/test/CustomerOrderRESTTest.class",
               "details": [
                  {
                     "reference": "Method setUp",
                     "match": "http://localhost:9080/CustomerOrderServicesTest/",
                     "lineNumber": 43
                  },
                  {
                     "reference": "Method setUp",
                     "match": "https://localhost:9443/CustomerOrderServicesWeb/",
                     "lineNumber": 42
                  }
               ]
            },
            {
               "fileName": "CustomerOrderServicesApp.ear/CustomerOrderServicesTest-0.1.0-SNAPSHOT.war/WEB-INF/classes/org/pwte/example/jaxrs/test/ProductRESTSearchTest.class",
               "details": [
                  {
                     "reference": "Method setUp",
                     "match": "https://localhost:9443/CustomerOrderServicesWeb/",
                     "lineNumber": 25
                  }
               ]
            },
            {
               "fileName": "CustomerOrderServicesApp.ear/CustomerOrderServicesTest-0.1.0-SNAPSHOT.war/WEB-INF/classes/org/pwte/example/jpa/test/CustomerOrderServicesTest.class",
               "details": [
                  {
                     "reference": "Constructor",
                     "match": "jdbc:db2://localhost:50000/ORDERDB",
                     "lineNumber": 68
                  }
               ]
            },
            {
               "fileName": "CustomerOrderServicesApp.ear/CustomerOrderServicesTest-0.1.0-SNAPSHOT.war/WEB-INF/classes/org/pwte/example/jpa/test/ProductSearchServiceTest.class",
               "details": [
                  {
                     "reference": "Constructor",
                     "match": "jdbc:db2://localhost:50000/ORDERDB",
                     "lineNumber": 50
                  }
               ]
            }
         ]
      },
      {
         "ruleName": "org.codehaus.jackson packages are not available",
         "ruleId": "JacksonPackages",
         "severity": "Severe",
         "category": "Java EE 7 / JAX-RS 2.0",
         "results": [
            {
               "fileName": "CustomerOrderServicesApp.ear/CustomerOrderServices-0.1.0-SNAPSHOT.jar/org/pwte/example/domain/AbstractCustomer.class",
               "details": [
                  {
                     "reference": "Method getCustomerId - Annotation",
                     "match": "org.codehaus.jackson.annotate",
                     "lineNumber": 0
                  },
                  {
                     "reference": "Method getUser - Annotation",
                     "match": "org.codehaus.jackson.annotate",
                     "lineNumber": 0
                  },
                  {
                     "reference": "Method setCustomerId - Annotation",
                     "match": "org.codehaus.jackson.annotate",
                     "lineNumber": 0
                  },
                  {
                     "reference": "Method setUser - Annotation",
                     "match": "org.codehaus.jackson.annotate",
                     "lineNumber": 0
                  }
               ]
            },
            {
               "fileName": "CustomerOrderServicesApp.ear/CustomerOrderServices-0.1.0-SNAPSHOT.jar/org/pwte/example/domain/Category.class",
               "details": [
                  {
                     "reference": "Method getCategoryID - Annotation",
                     "match": "org.codehaus.jackson.annotate",
                     "lineNumber": 0
                  },
                  {
                     "reference": "Method getParent - Annotation",
                     "match": "org.codehaus.jackson.annotate",
                     "lineNumber": 0
                  },
                  {
                     "reference": "Method getProducts - Annotation",
                     "match": "org.codehaus.jackson.annotate",
                     "lineNumber": 0
                  }
               ]
            },
            {
               "fileName": "CustomerOrderServicesApp.ear/CustomerOrderServices-0.1.0-SNAPSHOT.jar/org/pwte/example/domain/LineItem.class",
               "details": [
                  {
                     "reference": "Method getOrder - Annotation",
                     "match": "org.codehaus.jackson.annotate",
                     "lineNumber": 0
                  },
                  {
                     "reference": "Method getVersion - Annotation",
                     "match": "org.codehaus.jackson.annotate",
                     "lineNumber": 0
                  },
                  {
                     "reference": "Method setOrder - Annotation",
                     "match": "org.codehaus.jackson.annotate",
                     "lineNumber": 0
                  },
                  {
                     "reference": "Method setVersion - Annotation",
                     "match": "org.codehaus.jackson.annotate",
                     "lineNumber": 0
                  }
               ]
            },
            {
               "fileName": "CustomerOrderServicesApp.ear/CustomerOrderServices-0.1.0-SNAPSHOT.jar/org/pwte/example/domain/Order.class",
               "details": [
                  {
                     "reference": "Method getCustomer - Annotation",
                     "match": "org.codehaus.jackson.annotate",
                     "lineNumber": 0
                  },
                  {
                     "reference": "Method getVersion - Annotation",
                     "match": "org.codehaus.jackson.annotate",
                     "lineNumber": 0
                  },
                  {
                     "reference": "Method setCustomer - Annotation",
                     "match": "org.codehaus.jackson.annotate",
                     "lineNumber": 0
                  },
                  {
                     "reference": "Method setVersion - Annotation",
                     "match": "org.codehaus.jackson.annotate",
                     "lineNumber": 0
                  }
               ]
            },
            {
               "fileName": "CustomerOrderServicesApp.ear/CustomerOrderServices-0.1.0-SNAPSHOT.jar/org/pwte/example/domain/Product.class",
               "details": [
                  {
                     "reference": "Method getCategories - Annotation",
                     "match": "org.codehaus.jackson.annotate",
                     "lineNumber": 0
                  },
                  {
                     "reference": "Method getImagePath - Annotation",
                     "match": "org.codehaus.jackson.annotate",
                     "lineNumber": 0
                  },
                  {
                     "reference": "Method getProductId - Annotation",
                     "match": "org.codehaus.jackson.annotate",
                     "lineNumber": 0
                  },
                  {
                     "reference": "Method setCategories - Annotation",
                     "match": "org.codehaus.jackson.annotate",
                     "lineNumber": 0
                  },
                  {
                     "reference": "Method setImagePath - Annotation",
                     "match": "org.codehaus.jackson.annotate",
                     "lineNumber": 0
                  },
                  {
                     "reference": "Method setProductId - Annotation",
                     "match": "org.codehaus.jackson.annotate",
                     "lineNumber": 0
                  }
               ]
            },
            {
               "fileName": "CustomerOrderServicesApp.ear/CustomerOrderServicesTest-0.1.0-SNAPSHOT.war/WEB-INF/classes/org/pwte/example/jaxrs/test/CustomerOrderRESTTest$1.class",
               "details": [
                  {
                     "reference": "Method getClasses",
                     "match": "org.codehaus.jackson.jaxrs",
                     "lineNumber": 49
                  }
               ]
            },
            {
               "fileName": "CustomerOrderServicesApp.ear/CustomerOrderServicesWeb-0.1.0-SNAPSHOT.war/WEB-INF/classes/org/pwte/example/app/CustomerServicesApp.class",
               "details": [
                  {
                     "reference": "Method getClasses",
                     "match": "org.codehaus.jackson.jaxrs",
                     "lineNumber": 23
                  }
               ]
            }
         ]
      }
   ]
}