{
   "report": "analysis",
   "version": "1.2",
   "productVersion": "9.0",
   "productRelease": "19.0.0.2-TA1",
   "options": [
      "--sourceAppServer=was855",
      "--sourceJava=ibm6",
      "--sourceJavaEE=ee6",
      "--targetAppServer=liberty",
      "--targetJava=ibm8",
      "--targetCloud=dockerIBMCloud",
      "--includePackages=org.pwte",
      "--excludePackages=com.ibm,com.informix,com.microsoft,com.sybase,com.sun,java,javax,net,oracle,sqlj,_ibmjsp"
   ],
   "totalRulesFlagged": 8,
   "filesAffected": 7,
   "totalResults": 10,
   "severitySummary": [
      {
         "severity": "Severe",
         "totalRulesFlagged": 3,
         "totalResults": 3
      },
      {
         "severity": "Warning",
         "totalRulesFlagged": 5,
         "totalResults": 7
      }
   ],
   "applications": [
      "/opt/IBM/WebSphere/AppServer855/profiles/AppSrv01/config/cells/gas-twas90Node03Cell/applications/DefaultApplication.ear/DefaultApplication.ear"
   ],
   "rules": [
      {
         "ruleName": "Behavior change on lookups for Enterprise JavaBeans",
         "ruleId": "EJBNamingLookupRule",
         "severity": "Severe",
         "category": "WebSphere traditional to Liberty",
         "results": [
            {
               "fileName": "DefaultApplication.ear/DefaultWebApplication.war/WEB-INF/ibm-web-bnd.xmi",
               "details": [
                  {
                     "reference": null,
                     "match": "ejbRefBindings.jndiName=Increment",
                     "lineNumber": 4
                  }
               ]
            }
         ]
      },
      {
         "ruleName": "Entity Enterprise JavaBeans (EJB) are unavailable",
         "ruleId": "DetectEJBEntityBeansXML",
         "severity": "Severe",
         "category": "Java Technology Support for Liberty",
         "results": [
            {
               "fileName": "DefaultApplication.ear/Increment.jar/META-INF/ejb-jar.xml",
               "details": [
                  {
                     "reference": null,
                     "match": "entity",
                     "lineNumber": 7
                  }
               ]
            }
         ]
      },
      {
         "ruleName": "Handling application configuration in Docker containers",
         "ruleId": "DetectPropertiesFiles",
         "severity": "Warning",
         "category": "Docker (IBM Cloud Kubernetes Service)",
         "results": [
            {
               "fileName": "DefaultApplication.ear/DefaultDB/service.properties",
               "details": [
                  {
                     "reference": null,
                     "match": "(.*)?\\.properties",
                     "lineNumber": 0
                  }
               ]
            },
            {
               "fileName": "DefaultApplication.ear/Increment.jar/META-INF/backends/DERBY_V100_1/ibm_pmbab.properties",
               "details": [
                  {
                     "reference": null,
                     "match": "(.*)?\\.properties",
                     "lineNumber": 0
                  }
               ]
            },
            {
               "fileName": "DefaultApplication.ear/Increment.jar/META-INF/ibm_ejbext.properties",
               "details": [
                  {
                     "reference": null,
                     "match": "(.*)?\\.properties",
                     "lineNumber": 0
                  }
               ]
            }
         ]
      },
      {
         "ruleName": "Java EE security",
         "ruleId": "ApplicationSecurityRule",
         "severity": "Warning",
         "category": "Technology connectivity considerations for IBM Cloud",
         "results": [
            {
               "fileName": "DefaultApplication.ear/DefaultWebApplication.war/WEB-INF/web.xml",
               "details": [
                  {
                     "reference": null,
                     "match": "security-constraint",
                     "lineNumber": 47
                  }
               ]
            }
         ]
      },
      {
         "ruleName": "Remote EJB lookups",
         "ruleId": "RemoteEJBLookupsRule",
         "severity": "Warning",
         "category": "Technology connectivity considerations for IBM Cloud (not Liberty Core)",
         "results": [
            {
               "fileName": "DefaultApplication.ear/DefaultWebApplication.war/WEB-INF/web.xml",
               "details": [
                  {
                     "reference": null,
                     "match": "home",
                     "lineNumber": 71
                  }
               ]
            }
         ]
      },
      {
         "ruleName": "Remote EJB providers",
         "ruleId": "RemoteEJBProvidersRule",
         "severity": "Warning",
         "category": "Technology connectivity considerations for IBM Cloud (not Liberty Core)",
         "results": [
            {
               "fileName": "DefaultApplication.ear/Increment.jar/META-INF/ejb-jar.xml",
               "details": [
                  {
                     "reference": null,
                     "match": "home",
                     "lineNumber": 11
                  }
               ]
            }
         ]
      },
      {
         "ruleName": "Transaction propagation is not supported for Enterprise JavaBeans (EJB) remote interfaces",
         "ruleId": "DetectTransactionPropagationEJBRemote",
         "severity": "Severe",
         "category": "Java Technology Support for Liberty",
         "results": [
            {
               "fileName": "DefaultApplication.ear/Increment.jar/META-INF/ejb-jar.xml",
               "details": [
                  {
                     "reference": null,
                     "match": "remote",
                     "lineNumber": 12
                  }
               ]
            }
         ]
      },
      {
         "ruleName": "User-defined EJB binding locations are ignored in Liberty",
         "ruleId": "DetectEJBJNDIbindingName",
         "severity": "Warning",
         "category": "WebSphere traditional to Liberty",
         "results": [
            {
               "fileName": "DefaultApplication.ear/Increment.jar/META-INF/ibm-ejb-jar-bnd.xmi",
               "details": [
                  {
                     "reference": null,
                     "match": "ejbBindings.jndiName=Increment",
                     "lineNumber": 7
                  }
               ]
            }
         ]
      }
   ]
}