{
  "isVirtual": "false",
  "assessmentUnitName": "DefaultApplication.ear",
  "middleware": "was",
  "serverXml": {
    "server": {
      "featureManager": {
        "feature": [
          "ejbLite-3.2",
          "jdbc-4.1",
          "jndi-1.0",
          "jsp-2.3",
          "servlet-3.1",
          "ejbRemote-3.2"
        ]
      },
      "variable": [
        {
          "value": "${shared.config.dir}/lib/global",
          "name": "DB2_JCC_DRIVER_PATH"
        },
        {
          "value": "${shared.config.dir}/lib/global",
          "name": "DERBY_JDBC_DRIVER_PATH"
        },
        {
          "value": "${shared.config.dir}/lib/global",
          "name": "UNIVERSAL_JDBC_DRIVER_PATH"
        },
        {
          "value": "${shared.config.dir}/lib/global",
          "name": "DB2UNIVERSAL_JDBC_DRIVER_NATIVEPATH"
        }
      ],
      "httpEndpoint": {
        "host": "*",
        "httpPort": 9080,
        "id": "defaultHttpEndpoint",
        "httpsPort": 9443
      },
      "applicationManager": {
        "autoExpand": true
      }
    }
  },
  "domain": "javaAppServer",
  "host": "gas-twas90",
  "dcVersion": "1.9.6",
  "archiveType": "profile",
  "archiveName": "AppSrv01"
}