{
  "appsToScan_user": [
    ""
  ],
  "ignoreMissingSharedLibrary": false,
  "productInf": [
    {
      "buildLevel": "gm1319.01",
      "version": "8.5.5.0",
      "id": "ND",
      "name": "IBM WebSphere Application Server Network Deployment",
      "buildDate": "5/14/13"
    },
    {
      "buildLevel": "gm1318.03",
      "version": "7.0.4.1",
      "id": "IBMJAVA7",
      "name": "IBM WebSphere SDK Java Technology Edition (Optional)",
      "buildDate": "5/10/13"
    }
  ],
  "ignoreMissingBinary": false,
  "profiles": [
    {
      "assessUnitNames": [
        "CustomerOrderServicesApp.ear",
        "DefaultApplication.ear",
        "query.ear",
        "PlantsByWebSphere8.ear"
      ],
      "appsInfo": [],
      "contextRoots": {
        "DefaultApplication.ear": {
          "DefaultWebApplication.war": "/"
        },
        "CustomerOrderServicesApp.ear": {
          "CustomerOrderServicesTest-0.1.0-SNAPSHOT.war": "CustomerOrderServicesTest",
          "CustomerOrderServicesWeb-0.1.0-SNAPSHOT.war": "CustomerOrderServicesWeb"
        },
        "PlantsByWebSphere8.ear": {
          "PlantsByWebSphere.war": "/PlantsByWebSphere"
        }
      },
      "archive": {
        "middleware": "was",
        "domain": "javaAppServer",
        "host": "gas-twas90",
        "dcVersion": "1.9.6",
        "archiveType": "profile",
        "assessmentUnits": [
          "CustomerOrderServicesApp.ear",
          "DefaultApplication.ear",
          "query.ear",
          "PlantsByWebSphere8.ear"
        ],
        "archiveName": "AppSrv01"
      },
      "applications": [
        "/opt/IBM/WebSphere/AppServer855/profiles/AppSrv01/config/cells/gas-twas90Node03Cell/applications/CustomerOrderServicesApp.ear/CustomerOrderServicesApp.ear",
        "/opt/IBM/WebSphere/AppServer855/profiles/AppSrv01/config/cells/gas-twas90Node03Cell/applications/DefaultApplication.ear/DefaultApplication.ear",
        "/opt/IBM/WebSphere/AppServer855/profiles/AppSrv01/config/cells/gas-twas90Node03Cell/applications/query.ear/query.ear",
        "/opt/IBM/WebSphere/AppServer855/profiles/AppSrv01/config/cells/gas-twas90Node03Cell/applications/PlantsByWebSphere8.ear/PlantsByWebSphere8.ear"
      ],
      "name": "AppSrv01",
      "cellName": "gas-twas90Node03Cell",
      "profilePath": "/opt/IBM/WebSphere/AppServer855/profiles/AppSrv01",
      "isStandalone": true,
      "appsFound": true,
      "jarsInSharedLibarary": 0,
      "webSphereVariables": [
        {
          "value": "nodeagent",
          "scope": "servers:nodeagent",
          "name": "WAS_SERVER_NAME"
        },
        {
          "value": "${LOG_ROOT}/server1",
          "scope": "servers:DeveloperServer",
          "name": "SERVER_LOG_ROOT"
        },
        {
          "value": "server1",
          "scope": "servers:DeveloperServer",
          "name": "WAS_SERVER_NAME"
        },
        {
          "value": "${LOG_ROOT}/server1",
          "scope": "servers:defaultZOS",
          "name": "SERVER_LOG_ROOT"
        },
        {
          "value": "gas-twas90Node03Cell",
          "scope": "cells:gas-twas90Node03Cell",
          "name": "WAS_CELL_NAME"
        },
        {
          "value": "${USER_INSTALL_ROOT}",
          "scope": "cells:gas-twas90Node03Cell",
          "name": "GRID_JOBLOG_ROOT"
        },
        {
          "value": "${WAS_INSTALL_ROOT}/derby/lib",
          "scope": "cells:gas-twas90Node03Cell",
          "name": "DERBY_JDBC_DRIVER_PATH"
        },
        {
          "value": "jdbc/pgc",
          "scope": "cells:gas-twas90Node03Cell",
          "name": "GRID_ENDPOINT_DATASOURCE"
        },
        {
          "value": "/opt/IBM/db2drivers",
          "scope": "nodes:gas-twas90Node04",
          "name": "DB2UNIVERSAL_JDBC_DRIVER_PATH"
        },
        {
          "value": "/opt/IBM/db2drivers",
          "scope": "nodes:gas-twas90Node04",
          "name": "DB2_JCC_DRIVER_PATH"
        },
        {
          "value": "/opt/IBM/WebSphere/AppServer855",
          "scope": "nodes:gas-twas90Node04",
          "name": "WAS_INSTALL_ROOT"
        },
        {
          "value": "/opt/IBM/WebSphere/AppServer855/profiles/AppSrv01",
          "scope": "nodes:gas-twas90Node04",
          "name": "USER_INSTALL_ROOT"
        },
        {
          "value": "${WAS_INSTALL_ROOT}/lib",
          "scope": "nodes:gas-twas90Node04",
          "name": "WAS_LIBS_DIR"
        },
        {
          "value": "${USER_INSTALL_ROOT}/properties",
          "scope": "nodes:gas-twas90Node04",
          "name": "WAS_PROPS_DIR"
        },
        {
          "value": "${USER_INSTALL_ROOT}/temp",
          "scope": "nodes:gas-twas90Node04",
          "name": "WAS_TEMP_DIR"
        },
        {
          "value": "${USER_INSTALL_ROOT}/installedApps",
          "scope": "nodes:gas-twas90Node04",
          "name": "APP_INSTALL_ROOT"
        },
        {
          "value": "${USER_INSTALL_ROOT}/logs",
          "scope": "nodes:gas-twas90Node04",
          "name": "LOG_ROOT"
        },
        {
          "value": "${WAS_INSTALL_ROOT}",
          "scope": "nodes:gas-twas90Node04",
          "name": "DRIVER_PATH"
        },
        {
          "value": "${WAS_INSTALL_ROOT}/java",
          "scope": "nodes:gas-twas90Node04",
          "name": "JAVA_HOME"
        },
        {
          "value": "${WAS_INSTALL_ROOT}/lib/WMQ",
          "scope": "nodes:gas-twas90Node04",
          "name": "MQ_INSTALL_ROOT"
        },
        {
          "value": "${WAS_INSTALL_ROOT}/deploytool/itp",
          "scope": "nodes:gas-twas90Node04",
          "name": "DEPLOY_TOOL_ROOT"
        },
        {
          "value": "${USER_INSTALL_ROOT}/installedConnectors",
          "scope": "nodes:gas-twas90Node04",
          "name": "CONNECTOR_INSTALL_ROOT"
        },
        {
          "value": "${USER_INSTALL_ROOT}/etc",
          "scope": "nodes:gas-twas90Node04",
          "name": "WAS_ETC_DIR"
        },
        {
          "value": "${WAS_INSTALL_ROOT}/universalDriver/lib",
          "scope": "nodes:gas-twas90Node04",
          "name": "UNIVERSAL_JDBC_DRIVER_PATH"
        },
        {
          "value": "${WAS_INSTALL_ROOT}/derby/lib",
          "scope": "nodes:gas-twas90Node04",
          "name": "DERBY_JDBC_DRIVER_PATH"
        },
        {
          "value": "$(was.install.library)",
          "scope": "nodes:gas-twas90Node04",
          "name": "WAS_INSTALL_LIBRARY"
        },
        {
          "value": "localhost",
          "scope": "nodes:gas-twas90Node04",
          "name": "LOCALHOST_NAME"
        },
        {
          "value": "${LOG_ROOT}/server1",
          "scope": "servers:server1",
          "name": "SERVER_LOG_ROOT"
        },
        {
          "value": "server1",
          "scope": "servers:server1",
          "name": "WAS_SERVER_NAME"
        }
      ],
      "javaVersion": "ibm6",
      "webSphereVersion": "was855",
      "serverClasspath": [
        {
          "server": "server1",
          "classpath": []
        }
      ]
    }
  ],
  "scanNodeFlag": false
}