<?xml version="1.0" encoding="UTF-8"?><server>
<!--These elements have been identified from this application's configuration.-->
<featureManager>
<feature>ejbLite-3.2</feature>
<feature>ejbRemote-3.2</feature>
</featureManager>
<!-- <variable name="DB2_JCC_DRIVER_PATH" value="/opt/IBM/db2drivers"/> -->
<httpEndpoint host="*" httpPort="9080" httpsPort="9443" id="defaultHttpEndpoint"/>
<!-- <variable name="DERBY_JDBC_DRIVER_PATH" value="${WAS_INSTALL_ROOT}/derby/lib"/> -->
<variable name="DB2_JCC_DRIVER_PATH" value="${shared.config.dir}/lib/global"/>
<!-- <variable name="UNIVERSAL_JDBC_DRIVER_PATH" value="${WAS_INSTALL_ROOT}/universalDriver/lib"/> -->
<variable name="DERBY_JDBC_DRIVER_PATH" value="${shared.config.dir}/lib/global"/>
<!-- <variable name="DB2UNIVERSAL_JDBC_DRIVER_NATIVEPATH" value=""/> -->
<variable name="UNIVERSAL_JDBC_DRIVER_PATH" value="${shared.config.dir}/lib/global"/>
<variable name="DB2UNIVERSAL_JDBC_DRIVER_NATIVEPATH" value="${shared.config.dir}/lib/global"/>
<applicationManager autoExpand="true"/>
<!--These elements are from the profile level configuration. Not all of them may be necessary for your application.-->
<!--<dataSource containerAuthDataRef="gas-twas90Node04(cells/gas-twas90Node03Cell/nodes/gas-twas90Node04|node.xml#Node_1)DBUser" id="OrderDS" jdbcDriverRef="DB2_Using_IBM_JCC_Driver_(XA)" jndiName="jdbc/orderds">
        <properties.db2.jcc beginTranForResultSetScrollingAPIs="false" beginTranForVendorAPIs="false" connectionSharing="1" databaseName="ORDERDB" enableClientInformation="false" enableMultithreadedAccessDetection="false" errorDetectionModel="ExceptionMapping" freeResourcesOnClose="false" jmsOnePhaseOptimization="false" name="OrderDS" nonTransactionalDataSource="false" portNumber="50000" preTestSQLString="SELECT CURRENT SQLID FROM SYSIBM.SYSDUMMY1" reauthentication="false" retrieveMessagesFromServerOnGetMessage="true" serverName="172.16.52.252" traceLevel="-1" unbindClientRerouteListFromJndi="false" useTransactionRedirect="false" validateNewConnection="false" validateNewConnectionRetryCount="100" validateNewConnectionRetryInterval="3"/>
        <connectionManager agedTimeout="0" connectionTimeout="180" maxIdleTime="1800" maxPoolSize="15" minPoolSize="2" reapTime="180"/>
    </dataSource>--><!--<dataSource containerAuthDataRef="gas-twas90Node04(cells/gas-twas90Node03Cell/nodes/gas-twas90Node04|node.xml#Node_1)DBUser" id="INDS" jdbcDriverRef="DB2_Using_IBM_JCC_Driver_(XA)" jndiName="jdbc/inds">
        <properties.db2.jcc beginTranForResultSetScrollingAPIs="false" beginTranForVendorAPIs="false" connectionSharing="1" databaseName="INDB" enableClientInformation="false" enableMultithreadedAccessDetection="false" errorDetectionModel="ExceptionMapping" freeResourcesOnClose="false" jmsOnePhaseOptimization="false" name="INDS" nonTransactionalDataSource="false" portNumber="50000" preTestSQLString="SELECT CURRENT SQLID FROM SYSIBM.SYSDUMMY1" reauthentication="false" retrieveMessagesFromServerOnGetMessage="true" serverName="172.16.52.252" traceLevel="-1" unbindClientRerouteListFromJndi="false" useTransactionRedirect="false" validateNewConnection="false" validateNewConnectionRetryCount="100" validateNewConnectionRetryInterval="3"/>
        <connectionManager agedTimeout="0" connectionTimeout="180" maxIdleTime="1800" maxPoolSize="10" minPoolSize="1" reapTime="180"/>
    </dataSource>--><!--<dataSource containerAuthDataRef="gas-twas90Node04/PlantsAuthAlias" id="PlantsByWebSphereDataSourceNONJTA" jdbcDriverRef="DB2_Universal_JDBC_Driver_Provider" jndiName="jdbc/PlantsByWebSphereDataSourceNONJTA">
        <properties.db2.jcc beginTranForResultSetScrollingAPIs="false" beginTranForVendorAPIs="false" connectionSharing="1" databaseName="PLANTSDB" enableClientInformation="false" enableMultithreadedAccessDetection="false" errorDetectionModel="ExceptionMapping" jmsOnePhaseOptimization="false" name="PlantsByWebSphereDataSourceNONJTA" nonTransactionalDataSource="false" portNumber="50000" preTestSQLString="SELECT CURRENT SQLID FROM SYSIBM.SYSDUMMY1" propagateClientIdentityUsingTrustedContext="false" reauthentication="false" retrieveMessagesFromServerOnGetMessage="true" serverName="172.16.52.252" traceLevel="-1" unbindClientRerouteListFromJndi="false" useTransactionRedirect="false" validateNewConnection="false" validateNewConnectionRetryCount="100" validateNewConnectionRetryInterval="3"/>
        <connectionManager agedTimeout="0" connectionTimeout="180" maxIdleTime="1800" maxPoolSize="10" minPoolSize="1" reapTime="180"/>
    </dataSource>--><!--<dataSource containerAuthDataRef="gas-twas90Node04/PlantsAuthAlias" id="PlantsByWebSphereDataSource" jdbcDriverRef="DB2_Universal_JDBC_Driver_Provider_(XA)" jndiName="jdbc/PlantsByWebSphereDataSource">
        <properties.db2.jcc beginTranForResultSetScrollingAPIs="false" beginTranForVendorAPIs="false" connectionSharing="1" databaseName="PLANTSDB" enableClientInformation="false" enableMultithreadedAccessDetection="false" errorDetectionModel="ExceptionMapping" name="PlantsByWebSphereDataSource" nonTransactionalDataSource="false" portNumber="50000" preTestSQLString="SELECT CURRENT SQLID FROM SYSIBM.SYSDUMMY1" propagateClientIdentityUsingTrustedContext="false" reauthentication="false" retrieveMessagesFromServerOnGetMessage="false" serverName="172.16.52.252" traceLevel="-1" unbindClientRerouteListFromJndi="false" useTransactionRedirect="false" validateNewConnection="false" validateNewConnectionRetryCount="100" validateNewConnectionRetryInterval="3"/>
        <connectionManager agedTimeout="0" connectionTimeout="180" maxIdleTime="1800" maxPoolSize="10" minPoolSize="1" reapTime="180"/>
    </dataSource>--><!--<jdbcDriver id="DB2_Using_IBM_JCC_Driver_(XA)" javax.sql.DataSource="com.ibm.db2.jcc.DB2XADataSource">
        <library>
            <file name="${DB2_JCC_DRIVER_PATH}/db2jcc4.jar"/>
            <file name="${UNIVERSAL_JDBC_DRIVER_PATH}/db2jcc_license_cu.jar"/>
            <file name="${DB2_JCC_DRIVER_PATH}/db2jcc_license_cisuz.jar"/>
        </library>
    </jdbcDriver>--><!--<jdbcDriver id="DB2_Universal_JDBC_Driver_Provider" javax.sql.DataSource="com.ibm.db2.jcc.DB2ConnectionPoolDataSource">
        <library>
            <file name="${DB2_JCC_DRIVER_PATH}/db2jcc.jar"/>
            <file name="${DB2_JCC_DRIVER_PATH}/db2jcc_license_cu.jar"/>
        </library>
    </jdbcDriver>--><!--<jdbcDriver id="DB2_Universal_JDBC_Driver_Provider_(XA)" javax.sql.DataSource="com.ibm.db2.jcc.DB2XADataSource">
        <library>
            <file name="${DB2_JCC_DRIVER_PATH}/db2jcc.jar"/>
            <file name="${DB2_JCC_DRIVER_PATH}/db2jcc_license_cu.jar"/>
        </library>
    </jdbcDriver>--><!--<authData id="gas-twas90Node04(cells/gas-twas90Node03Cell/nodes/gas-twas90Node04|node.xml#Node_1)DBUser" password="???" user="db2inst1"/>--><!--<authData id="gas-twas90Node04/PlantsAuthAlias" password="???" user="db2inst1"/>--></server>